State,State_enc,Year,Waste Mass (short tons),log_total
AL,0,2009,9933464.0,16.11141991775323
AL,0,2010,7323095.0,15.806543747338681
AL,0,2011,8246364.0,15.925283055154885
AL,0,2012,9231900.0,16.03817554410233
AL,0,2013,7016154.7700000005,15.763726014897157
AL,0,2014,7038140.67,15.766854725959172
AL,0,2015,5630378.0,15.543687315789732
AL,0,2016,7451029.0,15.823862835832953
AL,0,2017,8928127.870000001,16.004717397862855
AL,0,2018,8154075.469999999,15.91402854053664
AL,0,2019,8801670.0,15.990452147785938
AL,0,2020,8910880.0,16.002783672224464
AZ,1,2002,8148668.0,15.913365158996609
AZ,1,2003,7186874.0,15.787767003785067
AZ,1,2004,8434002.0,15.947782068991685
AZ,1,2005,9519410.0,16.068843535105636
AZ,1,2006,9971480.0,16.115239676543123
AZ,1,2007,9883530.0,16.1063803945399
AZ,1,2008,6918290.0,15.749679331774978
AZ,1,2009,7492075.0,15.829356486648429
AZ,1,2010,7591781.0,15.842576904423385
AZ,1,2011,7450676.0,15.82381545871031
AZ,1,2012,7320073.0,15.806130995176014
AZ,1,2013,7216464.0,15.791875778781458
AZ,1,2014,7579832.0,15.841001725713584
AZ,1,2015,8236776.0,15.92411968459345
AZ,1,2016,8313243.2,15.933360487758419
AZ,1,2017,8759499.47,15.985649437314043
AZ,1,2018,2151450.9,14.581653474515413
CA,2,1990,40094296.0,17.50674466271128
CA,2,1991,36504467.0,17.412945222020014
CA,2,1992,36050325.0,17.400426464650184
CA,2,1993,34489103.0,17.35615400603107
CA,2,1994,34391532.0,17.353320958326822
CA,2,1995,59064761.0,17.894145060897568
CA,2,1996,32875006.0,17.308223261389937
CA,2,1997,33694292.0,17.332839033800727
CA,2,1998,35412723.0,17.382581748550958
CA,2,1999,35412723.0,17.382581748550958
CA,2,2000,36954946.0,17.425210080023394
CA,2,2001,38128084.0,17.45646170765095
CA,2,2002,37724566.0,17.44582208475245
CA,2,2003,40275549.0,17.511255143048285
CA,2,2004,41159482.0,17.532964908112657
CA,2,2005,42158686.0,17.55695131844866
CA,2,2006,41632572.0,17.544393423650845
CA,2,2007,39214923.0,17.48456794659311
CA,2,2008,35636861.0,17.388891109552457
CA,2,2009,31112952.0,17.253134785616272
CA,2,2010,30157765.0,17.221953026742554
CA,2,2011,29916232.0,17.213911800737762
CA,2,2012,29388609.0,17.196117742278357
CA,2,2013,30265981.0,17.225534933502175
CA,2,2014,31048506.0,17.251061281451793
CA,2,2015,33099196.0,17.315019580234285
CA,2,2016,34756114.0,17.363866085716978
CA,2,2017,37532035.0,17.440705419573117
CA,2,2018,39071111.0,17.480893928361574
CA,2,2019,42595719.0,17.567264336708636
CA,2,2020,38253727.0,17.459751577539794
CA,2,2021,40579418.0,17.518771574861717
CA,2,2022,37885772.0,17.450086216993224
CO,3,1938,558.0,6.326149473155099
CO,3,1939,543.0,6.298949246855942
CO,3,1940,59960.0,11.001449629862652
CO,3,1941,60007.0,11.002233165649471
CO,3,1942,60054.0,11.003016087988591
CO,3,1943,60100.0,11.003781759319981
CO,3,1944,60147.0,11.00456347064221
CO,3,1945,60194.0,11.005344571369127
CO,3,1946,60241.0,11.006125062453858
CO,3,1947,60288.0,11.006904944847303
CO,3,1948,60334.0,11.007667645507702
CO,3,1949,60381.0,11.008446326263101
CO,3,1950,66397.0,11.103422214528967
CO,3,1951,66385.0,11.103241469860443
CO,3,1952,66373.0,11.103060692517378
CO,3,1953,66360.0,11.102864813509706
CO,3,1954,66348.0,11.102683968056724
CO,3,1955,66336.0,11.102503089892746
CO,3,1956,66324.0,11.10232217900594
CO,3,1957,66312.0,11.102141235384464
CO,3,1958,66299.0,11.101945176173954
CO,3,1959,66287.0,11.101764164317183
CO,3,1960,67075.0,11.113581583867001
CO,3,1961,67069.0,11.113492129093784
CO,3,1962,92207.0,11.431802173676447
CO,3,1963,92201.0,11.431737101283387
CO,3,1964,121562.0,11.708187925896983
CO,3,1965,123754.0,11.72605908365512
CO,3,1966,159585.0,11.980338240852037
CO,3,1967,167361.0,12.027914410074098
CO,3,1968,171444.0,12.052017794444529
CO,3,1969,173720.0,12.065205843021783
CO,3,1970,175883.0,12.077579965815302
CO,3,1971,180173.0,12.101678329617673
CO,3,1972,182365.0,12.113770935738303
CO,3,1973,255587.0,12.451322052026601
CO,3,1974,258021.0,12.460800131586192
CO,3,1975,260658.0,12.470968318662099
CO,3,1976,282747.0,12.552311320566966
CO,3,1977,288439.0,12.572242371030695
CO,3,1978,293219.0,12.588678459492256
CO,3,1979,296357.0,12.59932346195876
CO,3,1980,595550.0,13.297242306427778
CO,3,1981,656223.0,13.394257473055497
CO,3,1982,1297641.0,14.076059329267066
CO,3,1983,1588040.0,14.27801173909572
CO,3,1984,1344012.0,14.1111704726375
CO,3,1985,1374291.0,14.13344924738069
CO,3,1986,2134950.0,14.573954253561816
CO,3,1987,2064947.0,14.540615602462145
CO,3,1988,2119709.0,14.566789844838425
CO,3,1989,2087434.0,14.551446597497808
CO,3,1990,2142381.0,14.577428852091368
CO,3,1991,2107866.0,14.561187093673817
CO,3,1992,2115315.0,14.564714768285556
CO,3,1993,1812089.0,14.409991433225777
CO,3,1994,1854587.0,14.4331731269294
CO,3,1995,2155297.0,14.583439555022409
CO,3,1996,2344990.0,14.66779212190206
CO,3,1997,2292198.0,14.645022176782534
CO,3,1998,2324680.0,14.659093383289147
CO,3,1999,2534498.0,14.745506542339324
CO,3,2000,2862976.0,14.867372550516722
CO,3,2001,3517285.0,15.07320022745611
CO,3,2002,3911288.0,15.179377545152333
CO,3,2003,3900757.0,15.176681451188974
CO,3,2004,4191631.0,15.248600714870033
CO,3,2005,3974221.0,15.19533956364383
CO,3,2006,3700778.0,15.124053895994445
CO,3,2007,12678125.0,16.355388704252963
CO,3,2008,10817054.0,16.19663461318857
CO,3,2009,10061971.0,16.12427372728256
CO,3,2010,11596007.0,16.26617145891651
CO,3,2011,10448166.0,16.161937114290975
CO,3,2012,9546520.0,16.07168735289231
CO,3,2013,10311319.0,16.148752878835698
CO,3,2014,10622523.0,16.178487210323695
CO,3,2015,9679795.0,16.085551384650525
CO,3,2016,9668270.0,16.084360051029126
CO,3,2017,8995734.0,16.012261134090778
CO,3,2018,6521747.0,15.690652996130455
CO,3,2019,6380430.0,15.66874620789818
CO,3,2020,5912243.0,15.592536012747685
CO,3,2021,5970251.0,15.6022996955332
CT,4,2008,163542.87,12.00483655137141
CT,4,2009,105714.21,11.56850405933006
CT,4,2010,21423.92,9.97231000950335
CT,4,2011,25244.57,10.136405973766582
CT,4,2013,21067.18,9.955519124329836
CT,4,2014,13259.47,9.492542708058906
DE,5,2008,741143.0,13.515950217382015
DE,5,2009,668353.0,13.412573252269867
DE,5,2010,706368.0,13.467893042824224
DE,5,2011,672761.0,13.419146905665299
DE,5,2012,607539.0,13.317173295650644
DE,5,2013,623463.0,13.34304630386272
DE,5,2014,658788.0,13.398158580121331
DE,5,2015,673058.0,13.419588271946285
DE,5,2016,675721.0,13.42353702783812
DE,5,2017,686919.0,13.439973116097798
DE,5,2018,732614.0,13.504375604137715
DE,5,2019,730578.0,13.501592649431723
DE,5,2020,762893.0,13.544874375320692
DE,5,2021,798571.0,13.59058041163922
DE,5,2022,794883.0,13.5859514710406
DE,5,2023,779491.0,13.566397704438208
FL,6,1988,11900000.0,16.29204904211537
FL,6,1989,13403000.0,16.410989195070794
FL,6,1990,12088906.0,16.30779881321054
FL,6,1991,10369166.0,16.1543472491104
FL,6,1992,9904231.0,16.108472698510994
FL,6,1993,9661849.848,16.083695787007766
FL,6,1994,9214470.0,16.036285741035645
FL,6,1995,9096295.83,16.02337794690557
FL,6,1996,10322878.71,16.149873320759472
FL,6,1997,10845630.977269018,16.19927297415237
FL,6,1998,14108142.451983893,16.4622627384168
FL,6,1999,14114930.278,16.462743750936657
FL,6,2000,14823291.0,16.51171028541821
FL,6,2001,16556309.0,16.62227785600501
FL,6,2002,17206002.0,16.660768892521197
FL,6,2003,18019400.0,16.70695956874847
FL,6,2004,19259944.0,16.773538108670778
FL,6,2005,23379689.0,16.967378254724398
FL,6,2006,22426810.0,16.92576772073087
FL,6,2007,19395745.0,16.78056432163803
FL,6,2008,17165493.0,16.658411763952962
FL,6,2009,15833624.0,16.577646401219727
FL,6,2010,14642511.0,16.499439636477923
FL,6,2011,13991987.0,16.453995438047276
FL,6,2012,13486912.0,16.417230365822
FL,6,2013,14374103.0,16.480938812270285
FL,6,2014,15020794.0,16.52494613232698
FL,6,2015,14859083.0,16.514121953362018
FL,6,2016,16491396.0,16.61834940895833
FL,6,2017,21628012.0,16.889499930556536
FL,6,2018,23429723.0,16.96951603064507
FL,6,2019,22640477.0,16.935249924150583
FL,6,2020,23543459.0,16.9743586328526
FL,6,2021,25323808.0,17.047255578365302
FL,6,2022,26039946.0,17.07514233997231
FL,6,2023,27539090.0,17.13111704418411
GA,7,2003,14916314.31,16.51796615910274
GA,7,2004,15938563.19,16.584252151359603
GA,7,2005,16424754.73,16.614300250382655
GA,7,2006,17108406.1726,16.65508054817431
GA,7,2007,16857614.7055,16.640313083307493
GA,7,2008,15879811.269,16.580559191862
GA,7,2009,14153610.0665,16.46548034854172
GA,7,2010,14089921.9575,16.460970415974888
GA,7,2011,13054976.16769,16.384680011181626
GA,7,2012,12769697.057,16.362585583015008
GA,7,2013,13474205.025,16.41628775094544
GA,7,2014,13865238.778,16.44489553064375
GA,7,2015,15136635.272,16.53262860638815
GA,7,2016,17395492.4295,16.671721732334305
GA,7,2017,18237616.08,16.718996891532118
GA,7,2018,13686632.74,16.43193027513637
GA,7,2019,13682256.39,16.431610470434272
GA,7,2020,13344571.12,16.40662027736181
GU,8,2011,133653.76,11.803015336346245
GU,8,2012,94126.53,11.452405843891023
GU,8,2013,85745.39,11.35914926501663
GU,8,2014,86425.71,11.367052050535653
GU,8,2015,87286.02,11.376957048070002
GU,8,2016,88417.55,11.389837068241018
GU,8,2017,89336.9,11.400181088921316
GU,8,2018,83014.79,11.326786109649072
GU,8,2019,89369.28,11.400543467412938
GU,8,2020,90593.95,11.414153750963218
GU,8,2021,100147.79,11.514412259143793
GU,8,2022,162721.58000000002,11.999802066613917
HI,9,2008,1136164.0,13.943169114194859
HI,9,2009,1094350.0,13.905672051456252
HI,9,2010,1153591.0,13.958391110676017
HI,9,2011,1154477.0,13.95915885172678
HI,9,2012,1518846.0,14.23346205234426
HI,9,2013,1520400.0,14.234484673818667
HI,9,2014,1302537.0,14.079825226848195
HI,9,2015,443700.0,13.002906191139534
HI,9,2016,1503061.0,14.22301491871599
HI,9,2017,1634347.0,14.306754506022484
HI,9,2018,1828297.0,14.41889603740362
HI,9,2019,1833711.0,14.42185288566156
HI,9,2020,1605581.0,14.288996865639092
IA,10,2000,2866420.59,14.868574977040524
IA,10,2001,2803103.3,14.846238039586646
IA,10,2002,2647378.25,14.789080746352418
IA,10,2003,2591225.9699999997,14.767642055090123
IA,10,2004,2779235.88,14.83768694438669
IA,10,2005,2679699.03,14.801215417118032
IA,10,2006,2701396.29,14.809279711924763
IA,10,2007,2787351.1,14.840602635046906
IA,10,2008,2829115.67,14.855475090154432
IA,10,2009,2734871.08,14.821595221263594
IA,10,2010,2657853.98,14.793029956947473
IA,10,2011,2833960.45,14.857186096458523
IA,10,2012,2832929.63,14.85682229210269
IA,10,2013,2553634.95,14.753028764302691
IA,10,2014,2556369.75,14.754099134821423
IA,10,2015,2688990.03,14.804676599432868
IA,10,2016,2730687.47,14.82006432218058
IA,10,2017,2882902.07,14.874308354827445
IA,10,2018,2989625.96,14.91065917504157
IA,10,2019,3185059.51,14.973981845238074
IA,10,2020,3449156.22,15.053640475107361
IA,10,2021,3852070.81,15.164121693990147
IL,11,2009,15515811.0,16.55737019094371
IL,11,2010,15521470.0,16.557734849155754
IL,11,2011,17588055.0,16.682730593266854
IL,11,2012,13645048.0,16.428887303177124
IL,11,2013,13664907.0,16.430341644793284
IL,11,2014,13394965.0,16.41038952269708
IL,11,2015,13624481.661109427,16.42737892796588
IL,11,2016,14171209.457411338,16.466723031971256
IL,11,2017,15257521.370112156,16.540583209571246
IL,11,2018,14467872.688693544,16.487441141624362
IL,11,2019,14467872.688693544,16.487441141624362
IL,11,2020,19228221.582297668,16.771889683875404
IL,11,2021,14386597.453773871,16.481807668278233
IL,11,2022,14117478.629887845,16.462924277630112
IN,12,1997,9813198.0,16.099238874204453
IN,12,1998,10464488.0,16.163498083238604
IN,12,1999,9949119.0,16.112994663012476
IN,12,2000,9259277.0,16.041136633820145
IN,12,2001,9265636.0,16.0418231687111
IN,12,2002,8903116.0,16.001911998107108
IN,12,2003,8803096.0,15.99061414935314
IN,12,2004,10326633.0,16.1502369409487
IN,12,2005,11239308.0,16.234927923671712
IN,12,2006,11511660.0,16.258871079582743
IN,12,2007,11012875.73,16.214575757949053
IN,12,2008,10687317.0,16.184568362842388
IN,12,2009,7942588.969999998,15.887749972729262
IN,12,2010,7892207.83,15.881386606747695
IN,12,2011,7884142.440000001,15.880364140899491
IN,12,2012,7731236.469999998,15.86077949442639
IN,12,2013,7973570.4700000025,15.891643064571392
IN,12,2014,8318926.039999997,15.934043842942675
IN,12,2015,8472858.660000004,15.952378631842675
IN,12,2016,8737912.110000001,15.983181944520982
IN,12,2017,9199086.920000011,16.034614897974226
IN,12,2018,9397258.650000013,16.05592867814235
KS,13,1993,27145.32,10.208996772897176
KS,13,1994,31552.85,10.359450889050633
KS,13,1995,40791.759999999995,10.616259893665573
KS,13,1996,39131.1,10.574698381027392
KS,13,1997,42656.22,10.660951823469663
KS,13,1998,540285.29,13.19985444471843
KS,13,1999,1136073.86,13.943089773979388
KS,13,2000,1248396.66,14.037371414977773
KS,13,2001,1393731.19,14.147495735633584
KS,13,2002,1291854.04,14.071589758887587
KS,13,2003,1183531.19,13.984013906552349
KS,13,2004,1375178.66,14.13409494236548
KS,13,2005,1184068.73,13.98446798627301
KS,13,2006,1201119.04,13.99876504610908
KS,13,2007,1228264.86,14.02111386262817
KS,13,2008,1102914.21,13.913467423114005
KS,13,2009,965745.87,13.780657039518875
KS,13,2010,125970.44,11.743810493574177
KS,13,2011,1094015.36,13.90536621614841
KS,13,2012,930617.97,13.743605202882964
KS,13,2013,947704.95,13.761799553796708
KS,13,2014,967803.88,13.782785775692767
KS,13,2015,1041391.48,13.856069298636275
KS,13,2016,1086090.77,13.898096278668291
KS,13,2017,1081506.05,13.893866043077999
KS,13,2018,1024963.04,13.840168087012396
KS,13,2019,906394.4400000001,13.71723095779184
KS,13,2020,3850064.6,15.163600745079844
KY,14,2015,8850772.94,15.996015464007968
KY,14,2016,7830455.828,15.873531409560101
KY,14,2017,8681892.1945,15.97675017281945
KY,14,2018,7698508.13,15.856537248596721
KY,14,2019,7702577.06,15.857065643773565
KY,14,2020,6761952.25,15.72682234859105
LA,15,2011,19285952.18,16.774887574381783
MA,16,2009,1621593.0,14.298920174063747
MA,16,2010,1564594.59,14.263137939617359
MA,16,2011,1649553.0,14.316015506308013
MA,16,2012,1535761.0,14.244537232767419
MA,16,2013,1333409.0,14.103250128762994
MA,16,2014,1389346.0,14.144344410551057
MA,16,2015,1416101.53,14.163418958806545
MA,16,2016,1374435.4,14.133554314145476
MA,16,2017,1445859.0,14.184214858203092
MA,16,2018,1427337.78,14.171322275430219
MA,16,2019,1425018.18,14.16969583124343
MA,16,2020,1553486.18,14.256012755447747
MA,16,2021,1517881.8,14.23282702710599
MD,17,2008,2654260.0,14.791676831164114
MD,17,2009,2244469.0,14.623979971109007
MD,17,2010,2257308.0,14.629683953827913
MD,17,2011,2084936.0,14.550249196931194
MD,17,2012,1981343.0,14.499285960277211
MD,17,2013,1902941.0,14.45891166762149
MD,17,2014,1910981.0,14.463127804025774
MD,17,2015,1993515.0,14.505410471856113
MD,17,2016,2097732.0,14.55636779577861
MD,17,2017,2277011.0,14.638374615124217
MD,17,2018,2352564.0,14.671016780240624
MD,17,2019,2539178.0,14.74735135839872
MD,17,2020,2939757.0,14.8938378230018
ME,18,2011,1669575.0,14.328080259941284
ME,18,2012,1542480.0,14.248902717019691
ME,18,2013,2063204.0,14.539771156966266
ME,18,2014,1834068.0,14.422047553773492
ME,18,2015,1804456.0,14.405770273465457
MI,19,1996,14094134.333333332,16.461269335017793
MI,19,1997,14538185.0,16.49228926300183
MI,19,1998,15541913.333333334,16.55905108279001
MI,19,1999,17289087.666666668,16.665586147575507
MI,19,2000,18682395.0,16.743092248064276
MI,19,2001,19532150.666666668,16.787572469168698
MI,19,2002,19137750.666666668,16.76717346930794
MI,19,2003,20807744.666666668,16.850835863172925
MI,19,2004,21429085.0,16.880259716050233
MI,19,2005,21309188.0,16.874648946100486
MI,19,2006,20625748.333333332,16.842050820838185
MI,19,2007,19401503.333333332,16.780861163982582
MI,19,2008,19039965.333333332,16.76205081911865
MI,19,2009,15945893.666666666,16.584711966395435
MI,19,2010,15681419.333333334,16.567987151267182
MI,19,2011,15242667.0,16.539609158517376
MI,19,2012,14769358.666666666,16.50806529992299
MI,19,2013,14971664.333333334,16.521669994920224
MI,19,2014,15681152.666666666,16.56797014586025
MI,19,2015,15805947.0,16.57589688285173
MI,19,2016,16363089.333333334,16.610538766980856
MI,19,2017,16868230.666666668,16.640942627846442
MI,19,2018,17481738.333333332,16.67666742743672
MI,19,2019,18568214.666666668,16.73696184183377
MI,19,2020,17565749.0,16.681461541318757
MN,20,1991,707512.824,13.469512447531256
MN,20,1992,679652.54,13.42933844731306
MN,20,1993,668481.2,13.41276504839327
MN,20,1994,752319.079961861,13.53091715062087
MN,20,1995,762399.87,13.544227772454741
MN,20,1996,810165.308,13.604994824092177
MN,20,1997,883859.4,13.692054410597297
MN,20,1998,1042243.05,13.856886686923678
MN,20,1999,1155065.07,13.959668103765178
MN,20,2000,1241292.08,14.031664200687887
MN,20,2001,1301377.03,14.078934284080942
MN,20,2002,1385444.09,14.141532010597965
MN,20,2003,1392880.768,14.146885373352179
MN,20,2004,1384271.54,14.140685317738484
MN,20,2005,1380405.35,14.137888470311314
MN,20,2006,1448766.2721,14.186223595635783
MN,20,2007,1416396.97,14.163627566007902
MN,20,2008,1337335.7,14.106190656840342
MN,20,2009,1251585.47,14.039922480555443
MN,20,2010,1305280.92,14.081929606059012
MN,20,2011,1204090.03,14.001235508305182
MN,20,2012,1161662.49,13.965363578928155
MN,20,2013,1175098.55,13.976863425375827
MN,20,2014,1186365.0,13.986405411269786
MN,20,2015,1237677.73,14.02874819127905
MN,20,2016,1282789.32,14.064548200779527
MN,20,2017,1370530.93,14.130709492519982
MN,20,2018,1309657.0,14.085276592390677
MN,20,2019,1437281.1099999999,14.178264464512718
MN,20,2020,1493149.64,14.216398968953284
MO,21,2005,214201.0,12.274674774020356
MO,21,2006,4736764.0,15.370864971217836
MO,21,2007,4965686.0,15.41806221446942
MO,21,2008,4704812.0,15.364096585259587
MO,21,2009,4062726.0,15.21736498098215
MO,21,2010,4267154.0,15.266457886797477
MO,21,2011,8320970.0,15.93428951271846
MO,21,2012,3958346.0,15.191337071842488
MO,21,2013,4046309.0,15.213315912657599
MO,21,2014,4099969.0,15.226490214574596
MO,21,2015,4367340.0,15.28966491506149
MO,21,2016,4696948.0,15.362423706955719
MO,21,2017,4893435.0,15.403405273188868
MO,21,2018,4927241.0,15.410289957429697
MO,21,2019,6363511.0,15.666090984167155
MO,21,2020,5261294.0,15.47588775213084
MO,21,2021,5065019.0,15.43786864432445
MO,21,2022,4998684.0,15.42468543580781
MS,22,1997,4210774.0,15.253157274227595
MS,22,1998,3826632.0,15.157495862239475
MS,22,1999,3113628.0,14.951299484907837
MS,22,2000,2700683.27,14.809015732199088
MS,22,2001,4224591.97,15.256433475671026
MS,22,2002,5318583.79,15.486717809011758
MS,22,2003,6854826.0,15.740463633606847
MS,22,2004,6711086.0,15.719271492847138
MS,22,2005,8978738.0,16.010370007255542
MS,22,2006,7351072.0,15.8103568469286
MS,22,2007,8357968.0,15.938726012961823
MS,22,2008,7110518.0,15.777085794895951
MS,22,2009,6306682.0,15.657120422768552
MS,22,2010,6461373.0,15.68135254664118
MS,22,2011,7046880.0,15.76809566554816
MS,22,2012,6431908.0,15.676781941730905
MS,22,2013,6729230.0,15.721971430604857
MS,22,2014,6052054.0,15.615908441753914
MS,22,2015,4633612.0,15.348847467323466
MS,22,2016,5066266.0,15.438114812458132
MS,22,2017,5254427.0,15.474581707653229
MS,22,2018,6509893.0,15.6888337314101
MS,22,2019,6101930.0,15.624115836426874
MS,22,2020,5419279.19,15.505473558323231
MS,22,2021,5351652.27,15.4929160935645
MS,22,2022,5305986.92,15.484346537009307
MT,23,2004,1238265.0,14.029222571828743
MT,23,2005,1184198.0,13.984577154627505
MT,23,2006,1189539.0,13.989077235734367
MT,23,2007,1188584.0,13.988274081946122
MT,23,2008,1317324.0,14.091113723250846
MT,23,2009,1370950.0,14.131015217570228
MT,23,2010,1360378.0,14.123273895359748
MT,23,2011,1366226.0,14.127563483930453
MT,23,2014,1590542.0,14.279586025329303
MT,23,2015,1535236.0,14.24419532447952
MT,23,2016,1803435.0,14.405204292142145
NC,24,1990,8053145.853,15.901573486424152
NC,24,1991,9651823.78,16.08265755181176
NC,24,1992,8946727.48,16.006798490466686
NC,24,1993,9892977.26,16.107335796789553
NC,24,1994,9097850.81,16.023548878784226
NC,24,1995,9475190.45,16.06418751453338
NC,24,1996,10282641.58,16.14596784526824
NC,24,1997,9442428.0,16.06072381434535
NC,24,1998,9984280.0,16.116522514227334
NC,24,1999,11627699.0,16.26890074053448
NC,24,2000,11127926.0,16.224968452535144
NC,24,2001,11413742.0,16.250328713617133
NC,24,2002,11441314.0,16.25274148486241
NC,24,2003,10932575.0,16.20725751399442
NC,24,2004,11155611.0,16.22745324763384
NC,24,2005,11588693.0,16.265540525618974
NC,24,2006,11731565.0,16.27779371555513
NC,24,2007,11834346.0,16.286516624080587
NC,24,2008,11539368.0,16.261275138173172
NC,24,2009,11788704.0,16.282652427634346
NC,24,2010,12635123.58,16.351991158668763
NC,24,2011,9351438.0,16.05104079316622
NC,24,2012,9254743.0,16.040646842883238
NC,24,2013,6457395.0,15.680736698518531
NC,24,2014,7540251.0,15.835766161176307
NC,24,2015,8436161.0,15.948038023810359
NC,24,2016,8432921.0,15.947653889136557
NC,24,2017,8718613.0,15.980970838297946
NC,24,2018,10076941.0,16.125760401564722
NC,24,2020,13440828.0,16.41380757270467
NE,25,2012,2132280.0,14.57270285670857
NH,26,2018,1980328.0,14.498773550483568
NH,26,2019,2002947.0,14.51013065325255
NH,26,2020,1957534.0,14.487196586636164
NJ,27,1985,10500000.0,16.166885910365842
NJ,27,1986,10400000.0,16.15731646026544
NJ,27,1987,10600000.0,16.176364653421913
NJ,27,1988,8600000.0,15.967272877502799
NJ,27,1989,8199999.999999999,15.919644834185693
NJ,27,1990,8000000.0,15.894952224644102
NJ,27,1991,7100000.0,15.775605482856605
NJ,27,1992,6900000.0,15.747032114495013
NJ,27,1993,7000000.0,15.76142084987672
NJ,27,1994,6900000.0,15.747032114495013
NJ,27,1995,6648097.0,15.709841356684342
NJ,27,1996,6664139.0,15.712251471011504
NJ,27,1997,6634170.0,15.70774427446082
NJ,27,1998,6978744.0,15.758379659145767
NJ,27,1999,7658426.0,15.851317168148649
NJ,27,2000,8301295.0,15.931922205155844
NJ,27,2001,8642400.0,15.972190995693506
NJ,27,2002,8986110.0,16.011190721084358
NJ,27,2003,9539589.0,16.070961065561733
NJ,27,2004,9764053.0,16.09421824099997
NJ,27,2005,10149209.0,16.132906427910648
NJ,27,2006,10231384.0,16.140970514883193
NJ,27,2007,9242762.52,16.039351481152767
NJ,27,2008,9036208.02,16.01675028821927
NJ,27,2009,8356025.49,15.938493571830687
NJ,27,2010,8702504.39,15.97912151802979
NJ,27,2011,8509679.0,15.956714897022342
NJ,27,2012,9192264.44,16.033872975378383
NJ,27,2013,8937890.64,16.00581028488448
NJ,27,2014,8022112.63,15.897712490008624
NJ,27,2015,8917359.9,16.003510597551333
NJ,27,2016,8744653.78,15.983953189383476
NJ,27,2017,9250729.82,16.04021311393524
NJ,27,2018,9734307.5,16.091167161908047
NJ,27,2019,9659203.4,16.08342184254846
NJ,27,2020,9474871.09,16.064153809105495
NM,28,2007,1966029.3399999999,14.49152701192012
NM,28,2008,2076460.82,14.546175955175505
NM,28,2009,2028462.0,14.52278892138341
NM,28,2010,1953642.82,14.48520681247195
NV,29,2001,126156.0,11.74528244202635
NV,29,2002,161153.0,11.99011570853032
NV,29,2003,419188.63,12.94607867408757
NV,29,2004,1775370.59,14.38952030546061
NV,29,2005,7755832.3,15.863955802076052
NV,29,2006,8050588.61,15.901255890190834
NV,29,2007,7522964.22,15.833470929376016
NV,29,2008,6155021.37,15.632778952037627
NV,29,2009,4983173.93,15.421577782005581
NV,29,2010,6018641.86,15.61037235333171
NV,29,2011,4854942.89,15.395508102483209
NV,29,2012,4369698.4,15.290204777520472
NV,29,2013,4717637.35,15.366818882768849
NV,29,2014,5081939.4799999995,15.441203730869223
NV,29,2015,6059205.13,15.617089347813867
NV,29,2016,5381951.59,15.49856180123725
NV,29,2017,6354618.32,15.664692558372444
NV,29,2018,5473342.75,15.515400276485504
NV,29,2019,5853193.66,15.582498165878528
NV,29,2020,5500559.07,15.520360475927376
NV,29,2021,5657201.43,15.548440057669506
NV,29,2022,6394969.6899999995,15.671022409716398
NY,30,2019,3731752.328,15.132388742301881
NY,30,2020,3342146.75,15.0221241972141
OH,31,1995,1860978.0,14.436613251304944
OH,31,1996,1744043.0,14.371717112490606
OH,31,1997,12329777.0,16.327527870112256
OH,31,1998,13751214.0,16.43663774180938
OH,31,1999,14022632.0,16.45618322507629
OH,31,2000,16166749.0,16.59846722186549
OH,31,2001,15092570.0,16.52971319396499
OH,31,2002,17007871.0,16.649186853665366
OH,31,2003,17819470.0,16.695802293819956
OH,31,2004,15954517.14,16.585252616047566
OH,31,2005,15770735.28,16.573666646498673
OH,31,2006,19260231.79,16.773553050969415
OH,31,2007,17955625.01,16.70341405053161
OH,31,2008,17093678.82,16.65421935198395
OH,31,2009,15613114.2,16.563621836963097
OH,31,2010,16986787.99,16.647946481672292
OH,31,2011,17309491.5,16.666765608409488
OH,31,2012,15476465.9,16.554831163641847
OH,31,2013,15538030.91,16.558801248165256
OH,31,2014,15271930.82,16.5415271799985
OH,31,2015,15524142.09,16.557906988769346
OH,31,2016,15793188.77,16.575089377863073
OH,31,2017,17680831.93,16.687991725489404
OH,31,2018,18394783.830000002,16.727577749252273
OH,31,2019,19458177.400000002,16.783778022940893
OH,31,2020,18521655.97,16.734451252402636
OK,32,2014,4774416.41,15.378782516076377
OK,32,2015,5159849.34,15.456418133161156
OK,32,2016,4989659.92,15.422878513515059
OK,32,2017,5135915.36,15.451768839172603
OK,32,2018,5099044.89,15.444563999800678
OK,32,2019,5198809.2,15.463940349678875
OK,32,2020,4746337.29,15.372883992409387
OK,32,2021,5697586.71,15.555553434454742
OR,33,1992,2263099.0,14.632246112768838
OR,33,1993,2280513.0,14.639911414119652
OR,33,1994,2312669.0,14.653913259180245
OR,33,1995,2362146.0,14.675081509196637
OR,33,1996,2497170.0,14.730669049095727
OR,33,1997,2633017.0,14.783641274763472
OR,33,1998,2695903.0,14.807244142071738
OR,33,1999,2788699.0,14.841086095388409
OR,33,2000,2778463.0,14.8374088149869
OR,33,2001,2635072.0,14.78442144355867
OR,33,2002,2723365.0,14.817379173200175
OR,33,2003,2796787.0,14.8439821738163
OR,33,2004,2923462.0,14.888279430454835
OR,33,2005,3026457.0,14.92290351680143
OR,33,2006,3235828.0,14.989795712748208
OR,33,2007,3248126.0,14.993589080484504
OR,33,2008,2890503.0,14.876941439347336
OR,33,2009,2586721.0,14.765901995015069
OR,33,2010,2523808.0,14.741279826245782
OR,33,2011,2437767.0,14.70659342452817
OR,33,2012,2424833.0,14.701273626402418
OR,33,2013,2513404.0,14.737148965498355
OR,33,2014,2634653.0,14.784262422037866
OR,33,2015,2784467.0,14.839567389756922
OR,33,2016,3059745.0,14.933842463947382
OR,33,2017,3237214.0,14.990223950226953
OR,33,2018,3295468.0,15.008059052663864
OR,33,2019,3286308.0,15.005275608459586
OR,33,2020,3452854.0,15.054711983020105
PA,34,1989,11592630.0,16.265880195593653
PA,34,1990,13568084.0,16.423230901734765
PA,34,1991,13062038.7,16.385220848790908
PA,34,1992,15117807.5,16.531383977734585
PA,34,1993,16345171.5,16.6094431517709
PA,34,1994,18319465.1,16.72347477377249
PA,34,1995,19064562.6,16.763341860899047
PA,34,1996,21215818.4,16.870257659488058
PA,34,1997,21624277.7,16.889327255312637
PA,34,1998,23620423.7,16.977622349096823
PA,34,1999,24400194.6,17.01010170662474
PA,34,2000,26524870.3,17.09359339042616
PA,34,2001,26698116.3,17.100103607775697
PA,34,2002,25846455.3,17.067684062480804
PA,34,2003,25411978.7,17.050731262533045
PA,34,2004,25188635.4,17.041903514271272
PA,34,2005,24552702.7,17.016332536487134
PA,34,2006,24137832.900000002,16.99929103887025
PA,34,2007,23234702.9,16.9611575767144
PA,34,2008,21683177.7,16.892047342791894
PA,34,2009,20021283.9,16.81230651061103
PA,34,2010,20519331.6,16.836878053371443
PA,34,2011,21524294.9,16.884692896941665
PA,34,2012,20956364.5,16.85795300066374
PA,34,2013,21161834.0,16.867709881421234
PA,34,2014,21536301.4,16.885250552932764
PA,34,2015,21420797.3,16.87987289119697
PA,34,2016,21441348.8,16.880831849274713
PA,34,2017,22709554.2,16.938296327804505
PA,34,2018,23740088.3,16.982675708722546
PA,34,2019,18060415.9,16.709233189850575
PA,34,2020,22040606.8,16.908397119001233
PA,34,2021,23594723.3,16.9765336983954
PA,34,2022,22985775.8,16.95038618260528
RI,35,2020,765000.0,13.547632419997361
RI,35,2021,625000.0,13.345508528717259
RI,35,2022,806000.0,13.599840262182784
SC,36,2008,1810132.0,14.40891088120542
SC,36,2009,8678846.0,15.97639924371192
SC,36,2010,8298252.03,15.931555572299905
SC,36,2011,8354108.3,15.938264107506457
SC,36,2012,8198403.0,15.919450059144456
SC,36,2013,5091603.0,15.443103466585775
SC,36,2014,5271052.0,15.477740710804815
SC,36,2015,8748865.0,15.984434649934991
SC,36,2016,8620572.0,15.969662113748488
SC,36,2017,9895471.0,16.107587836740173
SC,36,2018,9991533.0,16.11724869239015
TN,37,1995,11170923.0,16.228824889199792
TN,37,1997,3566305.0,15.087040884155575
TN,37,1998,5184543.0,15.461192449780217
TN,37,1999,5344080.0,15.491500151269378
TN,37,2000,6479893.0,15.684214710169972
TN,37,2001,6801555.0,15.732661967499636
TN,37,2002,7368880.0,15.812776420887573
TN,37,2003,7925692.0,15.885620318699498
TN,37,2004,7545350.0,15.836442169976776
TN,37,2005,6879825.0,15.744103918892037
TN,37,2006,7875023.0,15.879206790290375
TN,37,2007,7681949.0,15.854383979145119
TN,37,2008,7368200.0,15.812684136675477
TN,37,2009,6876023.0,15.743551135880182
TN,37,2010,6681649.0,15.714875520999897
TN,37,2011,6362627.0,15.665952057516746
TN,37,2012,6556017.0,15.695893964418659
TN,37,2013,6547033.0,15.694522680628012
TN,37,2014,6774266.0,15.728641726994956
TN,37,2015,6414079.93,15.67400627686689
TN,37,2016,8549838.09,15.961423020852806
TN,37,2017,8507187.75,15.956422099322083
TN,37,2018,8578931.24,15.964820016167458
TN,37,2019,8576392.84,15.964524084745731
TN,37,2020,8864564.08,15.997572435937258
TX,38,1986,17283977.0,16.665290503179644
TX,38,1987,18269917.0,16.720766440112044
TX,38,1988,18114295.0,16.71221201873527
TX,38,1989,18531001.0,16.734955671273397
TX,38,1990,19969615.0,16.809722476363856
TX,38,1991,19973622.0,16.809923111070194
TX,38,1992,21675661.0,16.89170062226367
TX,38,1993,21517063.0,16.884356852723506
TX,38,1994,21808274.0,16.897800042890303
TX,38,1995,21639678.0,16.89003917819113
TX,38,1996,21738137.0,16.89457878741523
TX,38,1997,22094777.0,16.91085184897444
TX,38,1998,23259425.0,16.962221027192257
TX,38,1999,25791066.0,17.065538749626754
TX,38,2000,28034517.0,17.148947094597393
TX,38,2001,27938762.0,17.1455256373699
TX,38,2002,29061966.0,17.184940901358726
TX,38,2003,29074915.0,17.185386367284863
TX,38,2004,29581786.0,17.202669425863007
TX,38,2005,29335152.0,17.194297115941247
TX,38,2006,30453702.0,17.231718153921783
TX,38,2007,33183488.0,17.317562990905362
TX,38,2008,33078196.0,17.31438492240219
TX,38,2009,32264262.0,17.289470767002243
TX,38,2010,28637988.0,17.17024468111098
TX,38,2011,28817066.0,17.17647837375233
TX,38,2012,30309069.0,17.22695756562033
TX,38,2013,30569740.0,17.235521221472606
TX,38,2014,32371575.0,17.29279131177317
TX,38,2015,33449560.0,17.32554922038662
TX,38,2016,34732251.0,17.363179265693187
TX,38,2017,35307308.0,17.3796005542952
TX,38,2018,37842883.0,17.448953514888508
TX,38,2019,36804463.0,17.42112970013021
TX,38,2020,36569133.0,17.41471510923265
TX,38,2021,38228301.0,17.45908668930561
TX,38,2022,39731580.0,17.497656920605884
UT,39,2013,2631221.95,14.782959296074951
UT,39,2019,2842633.08,14.860241673239313
UT,39,2021,3976731.0,15.195970934441192
VA,40,2005,5960426.4799999995,15.600652761301644
VA,40,2006,13267803.76,16.400850963836803
VA,40,2007,12711058.72,16.357983016558585
VA,40,2008,12301221.24,16.325209184511554
VA,40,2009,11431146.76,16.251852447177544
VA,40,2010,12161734.02,16.313805106889895
VA,40,2011,12656464.243,16.353678728980793
VA,40,2012,12734173.372,16.359799832884548
VA,40,2013,12574991.88,16.347220707747134
VA,40,2014,11833079.926,16.28640963535286
VA,40,2015,12563582.88,16.346313019066724
VA,40,2016,13477933.7188,16.416564440938952
VA,40,2017,14964994.64,16.521224407922418
VA,40,2018,14194495.822,16.468364899708973
VA,40,2019,15446640.36,16.552902149973633
VA,40,2020,15011410.014,16.524321204121506
VA,40,2021,4341286.46,15.28368151185433
VT,41,1999,315764.0,12.662753545022609
VT,41,2000,328922.0,12.703578959802085
VT,41,2001,376887.0,12.839703340064364
VT,41,2002,365742.0,12.809686179943242
VT,41,2003,391870.0,12.878687982980704
VT,41,2004,400452.0,12.900351685295748
VT,41,2005,429062.0,12.969359040275139
VT,41,2006,451106.0,13.019459840899676
VT,41,2009,423631.0,12.956620432821223
VT,41,2010,422023.0,12.95281746343891
VT,41,2011,453816.0,13.025449312062973
VT,41,2012,422737.0,12.95450788078728
VT,41,2013,351392.0,12.769660534217996
VT,41,2014,382250.0,12.853832739876834
VT,41,2015,371510.0,12.825333752392037
VT,41,2016,345674.0,12.753254306256819
VT,41,2017,359426.0,12.792266375718519
VT,41,2018,379210.0,12.845848057381085
VT,41,2020,378307.0,12.843463957635164
VT,41,2021,401509.0,12.902987718659038
WA,42,2004,5513119.0,15.522641264068104
WA,42,2005,5293736.37,15.482035051547307
WA,42,2006,5361274.44,15.494712459964012
WA,42,2007,5318516.38,15.486705134507194
WA,42,2008,5125965.14,15.449829580343954
WA,42,2009,4745871.78,15.372785909887424
WA,42,2010,4878241.0,15.400295467023547
WA,42,2011,4925582.2700000005,15.409953256032846
WA,42,2012,4565489.0,15.334036404695535
WA,42,2013,4908138.0,15.406405405520298
WA,42,2014,5299776.35,15.483175368205966
WA,42,2015,5582252.05,15.535103025264787
WA,42,2016,5756321.35,15.565809347853563
WA,42,2017,6133725.0,15.62931295360093
WI,43,1993,8314594.0,15.93352296226719
WI,43,1994,8987824.61,16.01138150956241
WI,43,1995,8908927.23,16.0025645037718
WI,43,1996,9333403.45,16.049110399085198
WI,43,1997,9988204.78,16.116915532892836
WI,43,1998,10612840.49,16.17757528717591
WI,43,1999,10180304.11,16.135965540150284
WI,43,2000,9962537.56,16.114342472587545
WI,43,2001,10383008.469999999,16.15568132335298
WI,43,2002,10151618.35,16.133143792598542
WI,43,2003,9939091.72,16.11198629881296
WI,43,2004,11129823.1,16.225138918993867
WI,43,2005,11099239.66,16.22238725493355
WI,43,2006,11263114.1,16.237043794279757
WI,43,2007,10896796.2,16.203979469159066
WI,43,2009,8733701.89,15.98269999481679
WI,43,2010,8269944.24,15.928138445454373
WI,43,2011,8043899.35,15.90042464168258
WI,43,2012,8709841.62,15.979964279779104
WI,43,2013,7849970.68,15.876020482108771
WI,43,2014,8165068.43,15.915375787718583
WI,43,2015,8219962.66,15.922076346098017
WI,43,2016,8578904.83,15.964816937691033
WI,43,2017,8456335.59,15.950426610612297
WI,43,2018,8793801.85,15.989557809777025
WI,43,2019,8698516.08,15.97866311852175
WI,43,2020,8012100.3,15.896463619222615
WI,43,2021,8181517.640000001,15.917388344159315
WV,44,2010,1885204.77,14.449547534710245
WV,44,2011,2012389.47,14.51483386194905
WV,44,2012,2039161.98,14.528049977701144
WV,44,2013,2218372.74,14.612284935853383
WV,44,2014,2177282.37,14.59358849711109
WV,44,2015,1999747.64,14.508532050625826
WV,44,2016,1823520.67,14.416280172900322
WV,44,2017,1956018.79,14.48642224711263
WV,44,2018,2064720.38,14.540505850334615
WV,44,2019,2036110.52,14.526552429219304
WV,44,2020,1855181.14,14.433493437882724
WV,44,2021,136365.69,11.823102786356674
